MM01S1002501978-1-72306-020-5,Powers-Anthony,bryanharrington@wagner.net,482.180.0676x405,robertschristine@blackwell.com,8213026685,Tanner Lamb5267290,4339 Andrew Forges Apt. 495 900 Stanton Row,Arthur BradySACN450134
Eric Ways Fields Joann Keys,WoodboroughUtah 49,UT73414,Education Management,58%,+1-109-519-1774x969Raymond Glenn,"Uploaded with error, No data could be extracted from this file the system monitor performs an automatic instance recovery",27.03.2020,27.10.2019
disintermediate proactive convergence,1-64484-141-X1-4324-5366-1,63384f3081c525f7a0973c3b3ced4897Tokelau,SNS-WBWS-203616270-7834-7791-0,11.12.2020,001-231-983-9881x52722,543183,"63117 Alicia Pass New Justinstad,NM 24220",Melissa HermanQLZR537373
desktop-51.ware-cunningham-4668-89db-37faa59ccca,Morales-Shaffer,sandersbrendan@avila.com,95:8952:5966:993,carrie17@woods.com,"Uploaded with error, Excelfies greater than 100MB may only be downloaded.",list/categories/list/wp-content/explore/search/explore/search/category/categories/explore/categories/posts,49251 Mendez Wall 166 Kline Key,24.05.2019
MM01S1002502978-1-4956-3695-0,PadillafurtIdaho 16,ID78676129,186-880-3702,48%,gturner@booker.com9867031983,"Uploaded with eror, This file is shareable, though some advanced features may be unavailable due to the size of this dataset",21.09.2019,Colton FarleySXMR655436
Madison Divide Turnpike Shawna Crest,1-67446-614-50-7640-6534-3,SNS-UGHY-866703221-82712-063-0,Human Resources,melinda95@sanders.org,"Uploaded with error, This file is shareable, though some advanced features may be unavailable due to the size of this dataset.",Lisa Martinez DDS5173920,HWDZ839127,UBKM878052
monetize best-of-breed solutions,Gomez-Hobbs,fdf113e3c8807e9f92a4787b7f001ce1Myanmar,13.06.2020,77%,Dana Price,search/main/explore/blog/category/categories/blog/search/tags/posts/wp-content/blog/explore,"2723 Smith Crest Apt.002 Parkerbury,ND 30597",Brenda MillerKMUT525972
laptop-68.chen-49a9-9d39-5248eb0522df,RobertsideHawaii 15,tmarquez@howard.org,47:9366:4748:377,(870)316-039637072,u/so/d/s/e/e/e/ddese/a/sd,Teresa Waters,10.12.2019,CVNZ671693
MM01S1002503978-1-76158-858-7,0-663-65200-61-77481-795-0,9670337,(188)265-5628x6454,Online Media%69,"Uploaded with error, This file is shareable, though some advanced features may be unavailable due to its size.",Susan Humphrey3753389,Tammy Garza,Shannon WeeksZQVA647681
Green Flats Common Hayley Spurs,"Wallace,Gomez and Silva",fd25fee2b3c7b78cd8113332ef50da7bHaiti,Computer Software,jromero@rivas.org814.763.5412x123,593.686.0780x39270,85820 Hamilton Ford Suite 713 4014 Derrick Fields,"75616 Jones Causeway North Dana,VA 79796",
empower revolutionary models,Stevenland,pattersonpriscilla@allen-arnold.com,24.08.2020,73%,"Status not retrieving, please check master log path for more errors",David Cooper DDS9176693,24.12.2019,
srv-84.lucero-walls-48a2-8cac-8d79beed3cb6,1-80000-970-40-636-62470-6,North Carolina 37,32:2604:8033:939,arobertson@sanders.com,Valerie Miles,explore/app/app/categories/posts/main/posts/tags/wp-content/tag/categories/main/search,08.11.2019,
MM01S1002504978-1-5349-9224-5,Estes-Sanders,SNS-FWNT-527731150-913573-67-1,854582863,Banking42%,tags/search/wp-content/list/main/wp-content/tag/categories/tag/explore/categories/tag/explore/category/search/category/categories,Valerie HahnAQWN371530,"406 Rachel Fields Apt.750 South Conniefurt, AR 15549",
Scott Crossroad Freeway Rasmussen Light,ColleenlandMichigan 26,4fe9516a1cc7d2f8b26591949d7b04b0Indonesia,24.07.2020,pclark@arroyo.com+1-775-454-6030,+1-934-359-1725x22699,205 King Burg 592 Matthew Cove,21.06.2019,
morph visionary interfaces,0-10-360317-41-63301-161-5,gillbrett@franco.com,41:3412:3690:238,27%,"Uploaded with error, No data could be extracted from this file the system monitor performs an automatic instance recovery","Unknown Error, please check the status. The program containing the error is terminated. Furthermore, the transaction is complete",Kristi Santiago,
db-72.martinez-rojas-40ae-bcf6-0e37bc07caa5,Weber-Hernandez,MI 20676 91 192,356-095-3114x0962,lutzlindsay@carlson.com,7812492885,Mariah Pugh7935573,847 Braun Hollow Suite 528 514 Jared Lock,
MM01S1002505978-1-82951-352-0,Rodriguezland,SNS-GMES-348080060-88806-950-2,Food Production,28%,"Uploaded with error, failed records count. Analyze and correct the problem. Restart the database with the command startup",Greg Rojas MD9717154,27.07.2019,
Lisa Falls Pine Alvin Walks,0-10-574182-50-224-58304-2,e561cbefa4ba646cc56af90557a93cf8Sudan,27.10.2020,margaret13@clay-rodriguez.info,app/search/explore/search/app/main/blog/main/explore/search/posts/app/wp-content/tags/wp-content/list/search,Mr. Shawn Cummings2795432,"87401 Randall Prairie Fieldsport,GA 73567",
unleash value-added deliverables,Watson-Gonzales,wendyjohnson@chambers.com,56:3780:4957:135,36%,273.557.4064,Diana Stafford,11.09.2019,
db-41.sanchez-santiago-417a-9b8a-5182f73ac205,BlairportVirginia 51,New Hampshire 33NH47459,679.077.0614x5614,mmurphy@reyes.com,app/posts/categories/tags/wp-content/explore/blog/category/list/tag/posts/main/posts,,VFBQ733080,
MM01S1002506978-1-108-30136-7,0-447-79305-51-971204-28-5,SNS-TCIF-921208781-9738-3781-1,1933,31%,"Source Link broken, cannot fetch data multiple times for same error log request",,,
Desiree Gardens Locks Booth Forest,a7cfca9a0043b51e2ad728ca2d76cf39Tunisia,5ec3217b144be50873ffe244da441b39Samoa,31.08.2020,,wp-content/blog/tags/explore/tag/search/explore/app/posts/main/search/search/categories/search/list/posts/tag,,,
monetize killer applications,"Myers, Burns and Blair",katelynpena@wallace.com,72:9270:6224:795,,,,,
It-22.harper-peterson-4f0d-8936-74f1257f6bc9,PenningtonmouthCalifornia 6,986351098,2661842632,,,,,
MM01S1002507978-0-8088-2615-6,1-4114-3474-91-328-54518-0,brianrivera@herrera.info,1835Hospital& Health Care,,,,,
Wendy Tunnel Centers Carly Rapids,Wilson Patton and Duncan,4283236,10.04.2021,,,,,
whiteboard world-class experiences,GaryfortSouth Carolina 45,726e70581d4d2cf9c5b49cad96e4b33cPalestinian Territory,32:2361:9160:877,,,,,
web-85.ramos-44ed-b99a-bbb80c69alfa,1-316-08151-61-84609-487-9,sara03@austin.com,181-029-6696,,,,,
MM01S1002508978-1-75247-017-4,"Watkins, Matthews and Hebert",SC61409,293Higher Education,,,,,
Moyer Port Fork Buckley Loaf,ShanefurtHawaii 15HI,SNS-QXYY-517428021-905646-06-2,28.05.2020,,,,,
engineer dynamic ROI,0-8078-3287-10-86230-601-9,8bf8fee6454a597e05c3400946048885Sudan,25:4852:8606:585,,,,,
web-36.jackson-4829-99ff-57ed6d9b35c5,,ycombs@garcia.info,302-636-9232x14250,,,,,
MM01S1002509978-0-271-03531-4,,160043251,62Airlines/Aviation,,,,,
Weis Burg Island Alvin Pines,,SNS-XDEN-452118731-67633-923-X,09.07.2020,,,,,
engage revolutionary e-tailers,,4f60d48731e52284b4c3f890024ae2fdSuriname,69:9203:1242:811,,,,,
desktop-86.copeland-4b7e-aa3d-6bb84c20148a,,,+1-504-234-1183x0868,,,,,
MM01S1002510978-0-461-75786-6,,,Building Materials,,,,,
Emily Glen Parks Malone Pike,,,04.11.2020,,,,,
transition killer paradigms,,,91:9119:7286:118,,,,,
email-01.montoya-brown-4b77-85b9-54b2b524670b,,,,,,,,
