MM01S1002501 Eric Ways Fields Joann Keys. disintermediate proactive convergence desktop-51.ware-cunningham-4668-89db-37faa5f9ccca 978-1-72306-020-5 Woodborough .,1-64484-141-X1-4324-5366-1 Powers-Anthony UT,63384f3081c525f7a0973c3b3ced4897Toke|au bryanharrington@wagner.net SNS-WBWS-203616270-7834-7791-0S,482.180.0676x405 Education Management 95:8952:5966:993 11.12.2020 58%,robertschristine@blackwell.com 8213026685,"Uploaded with error,No data could be extracted from this file the ystem monitor peforms an automatic instance recovery Tanner Lamb 5267290",4339 Andrew Forges Apt.495 900Stanton Row,27.03.2020 Arthur Brady SACN450134
MM01S1002502 Madison Divide Turnpike Shawna Crest laptop-68.chen-49a9-9d39-5248eb0522df monetize best-of-breed solutions 978-1-4956-3695-0,1-67446-614-50-7640-6534-3 Padillafurt Morales-Shaffer fdf113e3c8807e9f92a4787b7f001ce1Myanmar Idaho 16,sandersbrendan@avila.com SNS-UGHY-866703221-82712-063-0 78676129 267,186-880-3702 Human Resources 13.06.2020 carrie17@woods.com 48%,+1-109-519-1774x969,"Uploaded with eror This fileis shareable, though some advanced features may be unavilable due tothe size of this dataset. 6oq/stsod/fuo-dm/6es/sisod/6es/suo-dm/6es/dde/e/Kioate/Kioae/dde/ss/6/sisod/Kiofae list/categories/list/wp-content/explore/search/explore/search/category/categories/explore/categories/posts Raymond Glenn","54318363117 Alicia Pass New Justinstad, NM 24220",27.10.2019 Melissa Herman ELELESIZIO
MM01S1002503 Green Flats Common Hayley Spurs empower revolutionary models srv-84.lucero-walls-48a2-8cac-8d79beed3cb6 978-1-76158-858-7,0-663-65200-61-77481-795-0 Robertside Gomez-Hobbs fd25fee2b3c7b78cd8113332ef50da7bHaiti Hawaii 15,tmarquez@howard.org SNS-ZEYT-298837571-81699-002-724.08.2020,(188)265-5628x6454 Computer Software melinda95@sanders.org 77%,s//dde/s/o//o///s//d//as/dde 001-231-983-9881x52722,Search/main/explore/blog/category/categories/blog/search/tags/posts/wp-content/blog/explore Lisa Martinez DDS,5173920 Teresa Waters 49251 Mendez Wall 166 Kline Key HWDZ839127,21.09.2019
MM01S1002504 Scott Crossroad Freeway Rasmussen Light morph visionary interfaces db-72.martinez-rojas-40ae-bcf6-0e37bc07caa5 978-1-5349-9224-5,"1-80000-970-40-636-62470-6 Wallace,Gomez and Silva Stevenland",4fe9516a1cc7d2f8b26591949d7b04bOIndonesia North Carolina 37NC pattersonpriscilla@allen-arnold.com 85458,32:2604:8033:939 24.07.2020 (870)316-039637072 Online Media,"Uploaded with error, Excel files greater than 100MB may only be downloaded.",app/main/blog/tag/tag/search/category/category/tags/list/category/wp-content/tag/wp-content/app/tag/blog Susan Humphrey,3753389,"2723 Smith Crest Apt.002 Parkerbury,ND 30597 24.05.2019 Colton Farley SXMR655436"
MM01S1002505 Lisa Falls Pine Alvin Walks unleash value-added deliverables db-41.sanchez-santiago-417a-9b8a-5182f73ac205 978-1-82951-352-0 Colleenland,0-10-360317-41-63301-161-5 Estes-Sanders Michigan 26,e561cbefa4ba646cc56af90557a93cf8Sudan gillbrett@franco.com SNS-GMES-348080060-88806-950-2 356-095-3114x0962 192,Food Production 41:3412:3690:238 jromero@rivas.org 73%,wgturner@booker.com9867031983 69%,"Uploaded with eror, This file is shareable, though some advanced features may be unavailable due to the size of this dataset category/main/blog/main/app/category/list/list/wp-content/tags/app/blog/wp-content/wp-content/blog/tag/search Dana Price3399297",85820 Hamilton Ford Suite 713 4014 Derrick Fields 10.12.2019,Tammy Garza UBKM878052
MM01S1002506 Desiree Gardens Locks Booth Forest monetize killer applications It-22.harper-peterson-4f0d-8936-74f1257f6bc9 978-1-108-30136-7,0-10-574182-50-224-58304-2 Rodriguezland Weber-Hernandez,5ec3217b144be50873ffe244da441b39Samoa New Hampshire 33NH SNS-TCIF-921208781-9738-3781-1 wendyjohnson@chambers.com 47459,56:3780:4957:135 679.077.0614x5614 31.08.2020 Banking,814.763.5412x123,"27.10.2020Uploaded with error, This file is shareable, though some advanced features may be unavailable due to its size. posts/search/search/tags/app/tag/list/tag/category/posts/explore/posts/main",9176693 AQWN371530,"75616 Jones Causeway North Dana, VA 79796 24.12.2019"
MM01S1002507 Wendy Tunnel Centers Carly Rapids whiteboard world-class experiences web-85.ramos-44ed-b99a-bbb80c69a1fa 978-0-8088-2615-6,0-447-79305-51-971204-28-5 Blairport a7cfca9a0043b51e2ad728ca2d76cf39Tunisia Watson-Gonzales Virginia 51,katelynpena@wallace.com SNS-LIQG-093796751-114-81704-X 98635,2661842632 72:9270:6224:795 1835 Hospital &Health Care 10.04.2021 pclark@arroyo.com,Status not retrieving. please check master log path for more errors arobertson@sanders.com 4% 593.686.078039270,categories/tags/explore/search/categories/blog/blog/main/category/posts/posts/main/wp-content/tag/tag/main/tags explore/app/app/categories/posts/main/posts/tags/wp-content/tag/categories/main/search David Cooper DDS Valerie Hahn,205 King Burg 592 Matthew Cove,08.11.2019 Brenda Miller KMUT525972
Moyer Port Fork Buckley Loaf engineer dynamic ROI web-36.jackson-4829-99ff-57ed6d9b35c5 MM01S1002508 978-1-75247-017-4,"1-4114-3474-91-328-54518-0 Penningtonmouth Myers, Burns and Blair California 6",brianrivera@herrera.info,32:2361:9160:877 28.05.2020 181-029-6696 Higher Education,+1-775-454-6030,"Unknown Error, please check the status. The program containing the error is terminated. Furthermore, the transaction is complete main/posts/tag/main/wp-content/explore/tag/explore/categories/app/main/categories/main Valerie Miles 9738295",7935573,"406 Rachel Fields Apt. 750 South Conniefurt, AR 15549 21.06.2019 Kristi Santiago CVNZ671693"
MM01S1002509 Weiss Burg Island Alvin Pines engage revolutionary e-tailers desktop-86.copeland-4b7e-aa3d-6bb84c20148a,"Garyfort 1-316-08151-61-84609-487-9 Wilson, Patton and Duncan South Carolina 45",8bf8fee6454a597e05c3400946048885Sudan SNS-QXYY-517428021-905646-06-2 sara03@austin.com 61409,25:4852:8606:585,lutzlindsay@carison.com +1-934-359-1725x22699,"Uploaded with error, No data could be extracted from this file the system monitor performs an automatic instance recovery wp-content/list/main/blog/categories/tags/category/tag/wp-content/posts/categories/wp-content/categories/posts/main/blog/search Mariah Pugh",9717154,847 Braun Hollow Suite 528 514 Jared Lock 27.07.2019 Shannon Weeks ZQVA647681
MM01S1002510 Emily Glen Parks Malone Pike transition killer paradigms email-01.montoya-brown-4b77-85b9-54b2b524670b 978-0-461-75786-6,"0-8078-3287-10-86230-601-9 Shanefurt Watkins, Matthews and Hebert Hawaii 15",4f60d48731e52284b4c3f890024ae2fdSuriname HI 16004 ycombs@garcia.info,69:9203:1242:811 Airlines/Aviation,margaret13@clay-rodriguez.info7812492885,"app/search/explore/search/app/main/blog/main/explore/search/posts/app/wp-content/tags/wp-content/list/search Uploaded with error, failed records count. Analyze and correct the problem. Restart the database with the command startup Greg Rojas MD",Diana Stafford 2795432 11.09.2019 VFBQ733080,"87401 Randall Prairie Fieldsport, GA 73567"
,,,Building Materials 04.11.2020 +1-504-234-1183x0868 91:9119:7286:118,"Source Link broken, cannot fetch data multiple times for same error log request mmurphy@reyes.com",273.557.4064 Mr. Shawn Cummings,,
,,,,,wp-content/blog/tags/explore/tag/search/explore/app/posts/main/search/search/categories/search/list/posts/tag,,
