"MM01S1002501	Powers-Anthony	Utah 49	bryanharrington@wagner.net	7341420*	SNS-WBWS-203616270-7834-7791-0	482.180.0676x405	Education Management	11.12.2020	58%	category/posts/tag/tags/app/category/category/tag/app/tag/wp-content/tag/posts/tag/wp-content/posts/blog	Uploadedwith eror, Nodata could be extracted from thisfie the system monitor performs an automatic instance recovery"
MM01S1002502	978-1-4956-3695-0	Padillafurt	Idaho 16	SNS-UGHY-866703221-82712-063-0	78676129	267	13.06.2020
"MM01S1002503	Green Flats Common Hayley Spurs	978-1-76158-858-7	0-663-65200-61-77481-795-0	Robertside	Hawaii 15	SNS-ZEYT-298837571-81699-002-724.08.2020	32:2604:8033:939	app/main/blog/tag/tag/search/category/category/tags/list/category/wp-content/tag/wp-content/app/tag/blog	3753389	2723 Smith Crest Apt. 002 Parkerbury,ND 30597"
"MM01S1002504	978-1-5349-9224-5	Wallace,Gomez and Siva	Stevenland	North Carolina 37NC	85458	24.07.2020	Uploaded with error, This file is shareable, though some advanced features may be unavailable due to the size of this dataset."
"MM01S1002505	Lisa Falls Pine Alvin Walks	Colleenland	0-10-360317-41-63301-161-5	Michigan 26	SNS-GMES-348080060-88806-950-2	56:3780:4957135	tag/wp-content/main/category/posts/explore/app/wp-content/list/app/explore/posts/list/tags/explore/blog/app	9176693	75616 Jones Causeway North Dana, VA 79796"
MM01S1002506	978-1-108-30136-7	Weber-Hernandez	New Hampshire 33NH	wendyjohnson@chambers.com	47459	19	33	Banking	Status not retrieving. please check master log path for more errors	categories/tags/explore/search/categories/blog/blog/main/category/posts/posts/main/wp-content/tag/tag/main/tags	42%	Valerie Hahn	AQWN371530
"MM01S1002507	Wendy Tunnel Centers Carly Rapids	978-0-8088-2615-6	Blairport	Watson-Gonzales	Virginia 51	SNS-LIQG-093796751-114-81704-X	1835	Hospital & Health Care	10.04.2021	tags/search/wp-content/list/main/wp-content/tag/categories/tag/explore/categories/tag/explore/category/search/category/categories	Unknown Error, please check the status. The program containing the error is terminated. Furthermore, the transaction is complete"
"MM01S1002508	978-1-75247-017-4	Myers, Burns and Blair	California 6	brianrivera@herrera.info	4283236	28.05.2020	181-029-6696	Higher Education	Uploaded with error, No data could be extracted from this file the system monitor performs an automatic instance recovery	wp-content/list/main/blog/categories/tags/category/tag/wp-content/posts/categories/wp-content/categories/posts/main/blog/search	28%"
"MM01S1002509	Weiss Burg Island Alvin Pines	978-0-271-03531-4	Garyfort	1-316-08151-61-84609-487-9	South Carolina 45	SNS-QXYY-517428021-905646-06-2	61409	69:9203:1242:811	09.07.2020	app/search/explore/search/app/main/blog/main/explore/search/posts/app/wp-content/tags/wp-content/list/search	87401 Randall Prairie Fieldsport,GA 73567"
"MM01S1002510	978-0-461-75786-6	Watkins, Matthews and Hebert	Hawaii 15	HI	16004	ycombs@garcia.info	Building Materials	04.11.2020	31%	Source Link broken, cannot fetch data muttple times for same eror log request	wp-content/blog/tags/explore/tag/search/explore/app/posts/main/search/search/categories/search/list/posts/tag	Diana Stafford"
