MM01S1002541,978-1-361-49510-0,"Davis,Mcdonald and Rodriguez",michael03@cobb-francis.info,+1-734-927-2256x2845,xdurham@simpson.com,001-071-579-2367,Kevin Bentley,5113205,2253 Mendoza Courts Unit 3825 Box 2602
Crawford Underpass Well Ivan Circles,East Johnmouth,Washington 53,WA,52937,9384,30951,Higher Education,78%,explore/tags/posts/tags/wp-content/app/blog/search/tag/blog/wp-content/tag/main,12.02.2020
scale collaborative e-business,0-687-78293-71-75353-473-9,SNS-FSJE-161299280-7811-6683-7,16.05.2020,"Cancelled,please check error log.If it was due to 402 error code,please make a correction and try again with 712 dune code",Lori Coleman,ZGIM708731
email-59.carlson-4b07-a9ee-b2ad37cab3d2,bbe03856ead57b08f7335dc0e455b326United States Minor Outlying Islands,56:3558:7434:692,wp-content/categories/category/category/explore/app/tag/search/app/main/main/explore/categories/main/categories/tags/tag
MM01S1002542,978-1-914148-55-2,"Howell,Tucker and Harvey",leebrett@castillo.com,(211)825-8350x1541,ronald77@stephenson.org,001-855-598-6939,Paige Frank,4195398,9545 Salazar Cliffs DPO AP 61322
Eduardo Flats Burg Angie Cove,Lake Alexander,Texas48,TX,72375,32,55,Construction,32%,blog/explore/explore/categories/app/search/tags/tags/main/list/search/tag/wp-content,18.07.2019
harness revolutionary e-commerce,0-400-15538-90-669-00674-2,SNS-TLDD-024413230-598-72640-3,15.02.2021,"Cancelled,Excel files greater than 100MB may only be downloaded.Please try again with 508 Gateway code to complete.",Raymond Frey,ACL1741312
db-83.watson-smith-4702-9627-81fc4c4e6b96,d16a4d0f66193beaeee3c7c208b6dc05Holy See (Vatican City State),43:5453:5304:356,category/blog/app/tags/category/app/search/posts/list/tags/search/tag/explore/tag/main/posts/main
MM01S1002543,978-1-80327-631-1,Rice Martinez and Bell,Imoore@hill-bernard.net,(901840-3511,dkerr@hess-savage.org,834-376-6135x2303,Joanne Bradshaw,2254316,608 Patel Pike 127 Anita Heights Apt.635
Lewis Drive Dam Cannon Gateway,Jameschester,Michigan 26,MI,761,30,110,Architecture &Planning,32%,main/posts/tags/wp-content/categories/tags/blog/category/app/tags/explore/categories/list,08.06.2019
deliver rich web services,1-58809-076-01-236-61084-9,SNS-JCZI-406883750-7084-3401-0,01.10.2020,"Unknown Error.please check the status.The program containing the error is terminated.Furthermore,the transaction is complete",Walter Estes,TPEW789607
srv-55.jones-manning-466d-b8de-ad552b9423aa,Ob90566de5561bbac03be019d6189834China,39:4936:7402:913,tag/categories/posts/app/posts/main/app/search/list/blog/tag/category/tag/main/list/tags/list
MM01S1002544,978-1-251-85771-1,Dyer-Harrison,cynthia93@jones-lawrence.com,427-988-0032,mallison@davis.com,763.778.271743336,Alexander Barajas,6075696,"83733 Sarah Corner Apt.161South Andretown,WY 26979"
Young Vista Hollow Lester Knoll,East Evanport,Missouri 29,MO,89410,79,135,Government Administration,78%,blog/main/tag/app/category/tags/app/search/wp-content/search/tag/app/search,08.07.2019
strategize out-of-the-box web services,0-410-19375-51-876410-11-6,SNS-DLLU-896265180-512-10177-9,26.07.2020,"Uploaded with error,This file is shareable,though some advanced features may be unavailable due to the size of this dataset.",Ricardo Wilson,VWHQ878269
laptop-03.johns-luna-4ca4-9b14-e2e83faf1768,0d3253323363dfc959a5165697ba6fcaNepal,42:4320:9046:695,tags/search/tags/main/main/list/search/search/blog/category/blog/list/category/search/tag/app/app
MM01S1002545,978-1-56913-222-7,"Myers,Nelson and Patel",sonyal4@castro.biz,(081029-7784,carolinemalone@escobar.com,(847)998-6254,David Reyes,3541303,9169 Debbie Shoal Suite 085944 Smith Burgs Suite 155
Barbara Lane Drives Yolanda Neck,New Lynnborough,Louisiana 22,LA,11121,995,2156,Computer Software,57%,category/wp-content/tag/category/posts/explore/category/search/list/explore/categories/categories/posts,01.05.2019
empower integrated content,0-454-45665-41-65421-579-1,SNS-XRRD-731834920-8440-8898-6,05.10.2020,Uploaded with error No data could be extracted from this file the system monitor performs an automatic instance recovery,Sandra Weiss,DCXZ685456
srv-98.martinez-4b1f-9d7d-b0a9a262deea,4891a420b4960e9b741f269c473af704El Salvador,74:70761276:417,blog/search/blog/tag/explore/tags/app/search/app/app/categories/search/tag/categories/search/main/list
MM01S1002546,978-1-07-613944-3,"Pratt,Decker and Wilkerson",tammyallen@mcpherson.com,001-802-769-2835x08057,cartermorgan@graham-bailey.org,407.526.0933,Amber Dorsey,3334141,4927 Jason Square West Kendraport.WA 75542
Linda Stravenue Forges Buck Drives,Port Julie,Illinois 17,IL,54746,24,42,Education Management,50%,explore/tag/posts/main/list/categories/main/posts/category/search/posts/search/tags,30.06.2019
re-contextualize mission-critical info-mediaries,0-85812-102-60-7102-4465-7,SNS-WUUU-46242445I-4601-8653-2,05.02.2021,"Uploaded with error.This file is shareable,though some advanced features may be unavailable due to its size.",Dominic Gutierrez,SLAJ522096
desktop-20.aomez-4064-9d77-a823db92354c,a8d6fcf292df0adc8752392e4ccba5e0Netherlands Antilles,25:8360:9219:412,blog/categories/explore/search/category/list/wp-content/tag/blog/explore/posts/explore/tags/app/tag/tags/list
MM01S1002547,978-0-269-96906-5,Mann Hoover and Cooper,jenniferscott@henson.net,084-007-4065,cooktammy@nelson-hart.net,669.549.3814,Collin Reeves,3206031,5204 Cantrell Plaza Suite 3303060 Webb Vista
Steven Meadow Turnpike Velazquez Club,NorthJacob,Alaska 2,AK,7663,33,94,Staffing And Recruiting,28%,category/blog/wp-content/tag/search/explore/tag/posts/list/tags/category/tag/category,04.02.2020
strategize next-generation deliverables,1-83544-422-91-293-48126-2,SNS-KFMW-517907320-404-65448-7,11.01.2021,"Uploaded with error,This file is shareable, though some advanced features may be unavailable due to the size of this dataset.",Summer Rios,HVBG749031
It-09.wolf-4f41-b3e7-983494d0a04c,fe2ca5f798de15362e8fccf0d25e3a7aPhilippines,12:2437:9040:527
MM01S1002548,978-1-221-76208-3,"Perkins,Stanley and Hammond",brenda20@warren-myers.org,8023599760,peter78@tucker.net,+1-768-736-8221x5763,Valerie Khan,2201428,"1890 Deborah Gardens Port Christina,VA 99596"
Roy Crossing Mission Arroyo Lake,Davidhaven,Missouri 29,MO,15468,20,39,Oil&Energy,54%,blog/tag/categories/search/blog/wp-content/blog/blog/posts/main/tags/category/posts,10.10.2019
seize one-to-one methodologies,0-277-37061-20-14-492336-X,SNS-XKTE-097517490-07-105386-7,15.03.2021,"Uploaded with error,This file type greater than 100MB can only be downloaded.",Gloria Mccormick,VYNZ400258
It-54.brown-decker-4704-96ff-1d4215314cdc,872beb39ba8313da32f85293a95b0885Netherlands,66:7304:7239:539,tags/search/main/category/explore/category/list/list/explore/tag/list/blog/posts/blog/categories/search/search
MM01S1002549,978-1-908348-11-1,Randolph-Coleman,qmiller@jones.biz,655-202-4069,paulcalhoun@duke-vincent.com,(536)163-2754,Carrie Marsh,4859387,150 Thomas Spring Suite 406 6411 Cooper Loaf Suite 574
Larson Meadow Spur Raven Gateway,West Carol,Delaware 10,DE,4935,68,127,Hospital &tHealth Care,49%,wp-content/category/tag/categories/blog/category/explore/tags/tag/posts/posts/app/tag,30.03.2020
optimize user-centric vortals,0-7420-2131-91-4387-2307-5,SNS-LSJQ-476699551-86594-804-7,19.11.2020,"Status not retrieving,please check master log path for more errors",Erin Rowe,XAUY806117
It-79.wiggins-4aba-aeef-2e6edbefc0a9,976b3acc77a4a1f3694b01146ac6cac3Colombia,33:7743:9977:601,app/categories/blog/tag/main/main/tags/wp-content/blog/search/main/categories/category/categories/app/app/blog
MM01S1002550,978-1-63585-314-8,Lewis-Rogers,ounderwood@sanchez-nguyen.com,001-151-132-8036x81833,donna74@johnson.com,9424246511,Kyle Miller,3042703,"391 Jessica Ridge Suite 092 South Kevin,HI 51992"
Moore Falls Parkway Huerta Wall,Lake Justin,Mississippi 28,MS,68851,2185,4507,Building Materials,64%,posts/categories/wp-content/wp-content/search/tags/categories/explore/main/search/posts/app/tags,13.05.2019
transition virtual metrics,1-925532-32-10-376-95053-6,SNS-RISY-611477840-9548476-2-8,30.06.2020,James Wright,RWKN830079
laptop-91.carroll-475a-a7d8-17810eac8f17,da839784e12a7c3a8d79d18beafc7a53Saint Vincent and the Grenadines,96:7622:5570:484,main/tags/category/app/tags/explore/app/posts/search/categories/wp-content/list/app/explore/tags/main/list
