Text,Confidence
5267290,0.98
4339 Andrew Forges Apt.495 900 Stanton Row,0.96
Tanner Lamb,0.89
27.03.2020,0.99
8213026685,0.99
robertschristine@blackwell.com,0.97
Arthur Brady,0.98
SACN450134,1.00
482.180.0676x405,0.98
bryanharrington@wagner.net,0.98
58%,0.88
categories/app/blog/search/posts/tag/list/main/wp-content/posts/wp-content/wp-content/wp-content,0.94
Powers-Anthony,0.97
Education Management,0.97
MM01S1002501,0.96
978-1-72306-020-5,0.92
11.12.2020,0.99
Uploadwit rroot ould ett fro this ile the syst mont peforms an tomatic instance rovery,0.70
Woodborough,0.91
SNS-WBWS-203616270-7834-7791-0,0.97
Eric Ways Fields Joann Keys,0.88
95:8952:5966:993,0.97
category/posts/tag/tags/app/category/category/tag/app/tag/wp-content/tag/posts/tag/wp-content/posts/blog,0.99
1-64484-141-X1-4324-5366-1,0.94
disintermediate proactive convergence,0.98
63384f3081c525f7a0973c3b3ced4897Tokelau,0.99
Raymond Glenn,0.97
543183,0.99
63117 Alicia Pass New Justinstad NM24220,0.84
27.10.2019,0.98
+1-109-519-1774969,0.97
Melissa Herman,0.98
QLZR537373,0.99
desktop-51.ware-cunningham-4668-89db-37faa5f9ccca,0.97
186-880-3702,0.93
carrie17@woods.com,0.99
sandersbrendan@avila.com,0.95
48%,0.99
list/categories/list/wp-content/explore/search/explore/search/category/categories/explore/categories/posts,0.95
Morales-Shaffer,0.95
Human Resources,0.96
978-1-4956-3695-0,0.97
78676129,0.99
267,1.00
MM01S1002502,0.96
Idaho 16,0.88
13.06.2020,0.99
Uplod wth errhis fie i shrele thgh me  fes may be niale to th si f thi dataet.,0.67
Padillafurt,0.95
Madison Divide Turnpike Shawna Crest,0.98
SNS-UGHY-866703221-82712-063-0,0.98
1-67446-614-50-7640-6534-3,0.97
47:9366:4748:377,0.95
app/search/list/wp-content/app/tag/tags/tag/list/tags/posts/tags/explore/tags/app/tag/tags,0.99
5173920,0.99
49251 Mendez Wall 166 Kline Key,0.93
monetize best-of-breed solutions,0.98
fdf113e3c8807e9f92a4787b7f001ce1Myanmar,0.98
Lisa Martinez DDS,0.93
21.09.2019,0.99
melinda95@sanders.org,0.99
001-231-983-988152722,0.98
laptop-68.chen-49a9-9d39-5248eb0522df,0.99
188265-5628x6454,0.98
search/main/explore/blog/category/categories/blog/search/tags/posts/wp-content/blog/explor,0.98
Teresa Waters,0.90
HWDZ839127,0.99
Gomez-Hobbs,0.98
tmarquez@howard.org,1.00
Computer Software,0.90
77%,0.69
MM01S1002503,0.93
978-1-76158-858-7,0.97
Hawaii15,0.91
"Uploaded with error, Excel files greater than 100mB may only be downloaded.",0.87
Robertside,0.96
Green Flats Common Hayley Spurs,0.97
SNS-ZEYT-298837571-81699-002-724.08.2020,0.96
0-663-65200-61-77481-795-0,0.93
app/main/blog/tag/tag/search/category/category/tags/list/category/wp-content/tag/wp-content/app/tag/blog,0.99
32:2604:8033:939,0.96
3753389,0.99
2723 Smith Crest Apt.002ParkerburyND 30597,0.95
empower revolutionary models,0.95
fd25fee2b3c7b78cd8113332ef50da7bHait,0.98
9867031983,0.99
Susan Humphrey,0.97
24.05.2019,0.99
gturner@booker.com,0.78
Colton Farley,0.98
SXMR655436,0.98
srv-84.lucero-walls-48a2-8cac-8d79beed3cb6,0.97
870316-039637072,0.99
pattersonpriscilla@allen-arnold.com,0.99
Online Media,0.98
69%,0.99
explore/tags/tag/tags/wp-content/main/wp-content/posts/blog/tags/categories/search/explore,0.99
Wallace Gomez and Silva,0.87
978-1-5349-9224-5,0.96
85458,1.00
63,0.84
MM01S1002504,0.97
North Carolina 37NC,0.80
Stevenland,0.97
24.07.2020,0.99
"Uploaded with error,This fil is shareable though some advanced features may be unavailable due to the size of this dataset",0.90
Scott Crossroad Freeway Rasmussen Light,0.97
SNS-FWNT-527731150-913573-67-1,0.93
41:3412:3690:238,0.92
category/main/blog/main/app/category/list/list/wp-content/tags/app/blog/wp-content/wp-content/blog/tag/search,0.97
1-80000-970-40-636-62470-6,0.96
morph visionary interfaces,0.96
4fe9516a1cc7d2f8b26591949d7b04b0Indonesia,0.99
85820 Hamilton Ford Suite 713 4014 Derrick Fields,0.94
814.763.5412x123,0.97
Dana Price3399297,0.97
10.12.2019,0.98
Tammy Garza,0.96
UBKM878052,1.00
db-72.martinez-rojas-40ae-bcf6-0e37bc07caa5,0.98
jromero@rivas.org,1.00
gillbrett@franco.com,0.97
356-095-3114x0962,0.96
73%,0.98
posts/search/search/tags/app/tag/list/tag/category/posts/explore/posts/main,0.98
978-1-82951-352-0,0.95
Estes-Sanders,0.99
20676,0.97
192,0.99
Food Production,0.98
MM01S1002505,0.96
Colleenland,0.98
Michigan26,0.99
27.10.2020Uploaded with error This ile is shareablethough some advanced features may be unavailable due to its siz,0.86
Lisa Falls Pine Alvin Walks,0.95
SNS-GMES-348080060-88806-950-2,0.96
56:3780:4957:135,0.92
tag/wp-content/main/category/posts/explore/app/wp-content/list/app/explore/posts/list/tags/explore/blog/app,0.99
0-10-360317-41-63301-161-5,0.96
9176693,0.98
75616 Jones Causeway North DanaVA 79796,0.95
unleash value-added deliverables,0.98
e561cbefa4ba646cc56af90557a93cf8Sudan,1.00
David Cooper DDS,0.90
593.686.078039270,0.99
24.12.2019,0.99
db-41.sanchez-santiago-417a-9b8a-5182f73ac205,0.98
679.077.0614x5614,0.96
arobertson@sanders.com,0.99
wendyjohnson@chambers.com,1.00
42%,0.99
explore/app/app/categories/posts/main/posts/tags/wp-content/tag/categories/main/search,0.98
Valerie Hahn,0.96
AQWN371530,1.00
978-1-108-30136-7,0.96
Weber-Hernandez,0.96
47459,1.00
33,1.00
Banking,1.00
MM01S1002506,0.95
Rodriguezland,1.00
New Hampshire 33NH,0.94
31.08.2020,0.99
Status not retrieving.please check master log path for more errors,0.96
Desiree Gardens Locks Booth Forest,0.95
SNS-TCIF-921208781-9738-3781-1,0.95
categories/tags/explore/search/categories/blog/blog/main/category/posts/posts/main/wp-content/tag/tag/main/tags,0.99
0-10-574182-50-224-58304-2,0.95
72:9270:6224:795,0.96
monetize killer applications,0.93
5ec3217b144be50873ffe244da441b39Samoa,0.98
Valerie Miles,0.97
9738295,1.00
205 King Burg 592 Matthew Cove,0.95
08.11.2019,0.97
Brenda Miller,0.95
KMUT525972,0.99
It-22.harper-peterson-4f0d-8936-74f1257f6bc9,0.98
pclark@arroyo.com,0.99
+1-775-454-6030,0.96
2661842632,0.97
katelynpena@wallace.com,0.96
main/posts/tag/main/wp-content/explore/tag/explore/categories/app/main/categories/main,0.96
978-0-8088-2615-6,0.97
Watson-Gonzales,1.00
1835,1.00
Hospital&Health Care,0.97
MM01S1002507,0.97
Virginia 51,0.94
10.04.2021,0.98
"Unknown Error,please check the status.The program containing the error is terminated.Furthermorethe transaction iscomplete",0.86
Blairport,0.99
Wendy Tunnel Centers Carly Rapids,0.95
SNS-LIQG-093796751-114-81704-X,0.97
0-447-79305-51-971204-28-5,0.96
32:2361:9160:877,0.94
tags/search/wp-content/list/main/wp-content/tag/categories/tag/explore/categories/tag/explore/category/search/category/categories,0.99
Mariah Pugh,0.77
7935573406 Rachel Fields Apt.750 South ConniefurtAR 15549,0.95
whiteboard world-class experiences,0.99
a7cfca9a0043b51e2ad728ca2d76cf39Tunisia,0.98
21.06.2019,0.99
+1-934-359-1725x22699,0.97
web-85.ramos-44ed-b99a-bbb80c69alfa,0.98
lutzlindsay@carlson.com,0.97
Kristi Santiago,0.93
CVNZ671693,0.98
brianrivera@herrera.info,0.95
181-029-6696,0.97
28%,0.95
categories/tags/tags/explore/categories/search/main/category/tags/category/blog/list/tag,0.98
Myers Burns and Blair,0.92
Higher Education,0.98
MM01S1002508,0.97
978-1-75247-017-4,0.96
California6,0.95
4283236,0.99
28.05.2020,0.99
"Uploaded with error, No data could be extracted from this file the system monitor performs an automatic instance recovery",0.95
Penningtonmouth,0.96
Moyer Port Fork Buckley Loaf,0.97
SNS-GKDD-508238610-18-396035-1,0.99
wp-content/list/main/blog/categories/tags/category/tag/wp-content/posts/categories/wp-content/categories/posts/main/blog/search,0.98
1-4114-3474-91-328-54518-0,0.96
25:4852:8606:585,0.95
9717154,1.00
847 Braun Hollow Suite 528 514 Jared Lock,0.85
engineer dynamic ROI,0.96
Greg Rojas MD,0.97
27.07.2019,0.99
ZQVA647681,0.97
web-36.jackson-4829-99ff-57ed6d9b35c5,0.98
margaret13@clay-rodriguez.info7812492885,0.98
Shannon Weeks,0.98
302-636-923214250,0.99
sara03@austin.com,0.99
Airlines/Aviation,0.98
explore/tag/posts/app/tag/wp-content/posts/posts/wp-content/main/categories/categories/blog,0.99
WilsonPatton and Duncan,0.94
MM01S1002509,0.96
978-0-271-03531-4,0.97
South Carolina 45,0.95
61409,1.00
Uploaded with error failed records count.Analyze and correct the problem.Restart the database with the command startup,0.91
Garyfort,0.98
SNS-QXYY-517428021-905646-06-2,0.97
09.07.2020,0.77
Weiss Burg Island Alvin Pines,0.95
69:9203:1242:811,0.96
app/search/explore/search/app/main/blog/main/explore/search/posts/app/wp-content/tags/wp-content/list/search,0.98
1-316-08151-61-84609-487-9,0.93
2795432,1.00
87401 Randall Prairie Fieldsport GA73567,0.86
engage revolutionary e-tailers,0.98
8bf8fee6454a597e05c3400946048885Sudan,0.97
273.557.4064,0.99
Mr.Shawn Cummings,0.97
11.09.2019,0.95
desktop-86.copeland-4b7e-aa3d-6bb84c20148a,0.99
+1-504-234-11830868,0.98
mmurphy@reyes.com,0.99
Diana Stafford,0.97
VFBQ733080,0.99
ycombs@garcia.info,0.97
app/posts/categories/tags/wp-content/explore/blog/category/list/tag/posts/main/posts,0.98
"Watkins, Matthews and Hebert",0.95
978-0-461-75786-6,0.96
16004,1.00
Building Materials,0.92
MM01S1002510,0.98
HI,0.97
Source Link broke cat fetc data mutiple tim for ame error log request,0.77
S.hanefurt,0.70
Hawaii15,0.95
04.11.2020,0.98
Emily Glen Parks Malone Pike,0.95
SNS-XDEN-452118731-67633-923-X,0.98
wp-content/blog/tags/explore/tag/search/explore/app/posts/main/search/search/categories/search/list/posts/tag,0.98
0-8078-3287-10-86230-601-9,0.96
91:9119:7286:118,0.96
transition killer paradigms,0.92
4f60d48731e52284b4c3f890024ae2fdSuriname,0.99
email-01.montoya-brown-4b77-85b9-54b2b524670b,0.99
