,,,,robertschristine@blackwell.com 8213026685,Tanner Lamb 5267290,,4339 Andrew Forges Apt. 495 900 Stanton Row 27.03.2020,Arthur Brady
978-1-72306-020-5,Powers-Anthony,bryanharrington@wagner.net,482.180.0676x405 Education Management,,"Uploaded with error, No data could be extracted from this file the system monitor performs an automatic instance recovery",,,
MM01S1002501 Eric Ways Fields Joann Keys.,Woodborough UT,SNS-WBWS-203616270-7834-7791-0S,11.12.2020,,category/posts/tag/tags/app/category/category/tag/app/tag/wp-content/tag/posts/tag/wp-content/posts/blog,,,
disintermediate proactive convergence,1-64484-141-X1-4324-5366-1,63384f3081c525f7a0973c3b3ced4897Toke|au,95:8952:5966:993,+1-109-519-1774x969,Raymond Glenn,"54318363117 Alicia Pass New Justinstad, NM 24220",,27.10.2019 Melissa Herman QLZR537373
desktop-51.ware-cunningham-4668-89db-37faa5f9ccca,Morales-Shaffer,sandersbrendan@avila.com,186-880-3702 Human Resources carrie17@woods.com,48%,Uploaded with erorThi fie is shareable hough some advanced features may be unavailable due to the size of this dataset.,,,
MM01S1002502 Madison Divide Turnpike Shawna Crest 978-1-4956-3695-0,Padillafurt Idaho 16,78676129 SNS-UGHY-866703221-82712-063-0,267 13.06.2020,app/search/list/wp-content/app/tag/tags/tag/list/tags/posts/tags/explore/tags/app/tag/tags,,,,
monetize best-of-breed solutions,1-67446-614-50-7640-6534-3 fdf113e3c8807e9f92a4787b7f001ce1Myanmar,,,001-231-983-9881x52722,Lisa Martinez DDS,5173920,49251 Mendez Wall 166 Kline Key 21.09.2019,
laptop-68.chen-49a9-9d39-5248eb0522df,,tmarquez@howard.org,(188)265-5628x6454 melinda95@sanders.org 77%,,search/main/explore/blog/category/categories/blog/search/tags/posts/wp-content/blog/explor,Teresa Waters,LZI6E8ZOMH,
MM01S1002503 978-1-76158-858-7,Robertside Gomez-Hobbs Hawaii 15,SNS-ZEYT-298837571-81699-002-7*24.08.2020,Computer Software,"Uploaded with error,Excel files greater than 100MB may only be downloaded.",app/main/blog/tag/tag/search/category/category/tags/list/category/wp-content/tag/wp-content/app/tag/blog,,,
empower revolutionary models Green Flats Common Hayley Spurs,fd25fee2b3c7b78cd8113332ef50da7bHaiti,,32:2604:8033:939,,Susan Humphrey,3753389,"2723 Smith Crest Apt. 002 Parkerbury,ND 30597 24.05.2019",
srv-84.lucero-walls-48a2-8cac-8d79beed3cb6,,,(870)316-039637072,.gturner@booker.com,,,Colton Farley,SXMR655436
978-1-5349-9224-5,"Wallace,Gomez and Silva",pattersonpriscilla@allen-arnold.com 85458,Online Media,69%,"Uploaded witheror This file is shareabl, hough some advanced features may be unavailable due to the size of this dataset.",,,
MM01S1002504 Scott Crossroad Freeway Rasmussen Light,,,24.07.2020,,,,,
morph visionary interfaces,1-80000-970-40-636-62470-6,4fe9516a1cc7d2f8b26591949d7b04b0Indonesia,41:3412:3690:238,814.763.5412x123,Dana Price3399297,85820 Hamilton Ford Suite 713 4014 Derrick Fields 10.12.2019,,UBKM878052
db-72.martinez-rojas-40ae-bcf6-0e37bc07caa5,,gillbrett@franco.com,356-095-3114x0962 jromero@rivas.org 73%,,posts/search/search/tags/app/tag/list/tag/category/posts/explore/posts/main,,Tammy Garza,
MM01S1002505 978-1-82951-352-0,Estes-Sanders Michigan 26,20676 192,Food Production,,"27.10.2020Uploaded with error, This file is shareable, though some advanced features may be unavailable due to its size. tag/wp-content/main/category/posts/explore/app/wp-content/list/app/explore/posts/list/tags/explore/blog/app",,,
Lisa Flls Pine Alvin Walks unleash value-added deliverables,Colleenland 0-10-360317-41-63301-161-5,e561cbefa4ba646cc56af90557a93cf8Sudan SNS-GMES-348080060-88806-950-2,,,David Cooper DDS,9176693,"24.12.2019 75616 Jones Causeway North Dana, VA 79796",
db-41.sanchez-Santiago-417a-9b8a-5182f73ac205,,wendyjohnson@chambers.com,679.077.0614x5614,42% arobertson@sanders.com,593.686.0780x39270 explore/app/app/categories/posts/main/posts/tags/wp-content/tag/categories/main/search,Valerie Hahn AQWN371530,,
MM01S1002506 978-1-108-30136-7,Rodriguezland Weber-Hernandez,New Hampshire 3NH 47459,31.08.2020 33 Banking,Status not retrieving. please check master log path for more errors,,,,
monetize killer applications Desiree Gardens Locks Booth Forest,0-10-574182-50-224-58304-2,5ec3217b144be50873ffe244da441b39Samoa SNS-TCIF-921208781-9738-3781-1,72:9270:6224:795,,Valerie Miles 9738295,205 King Burg 592 Matthew Cove,08.11.2019,KMUT525972
It-22.harper-peterson-4f0d-8936-74f1257f6bc9,,,2661842632 pclark@arroyo.com,+1-775-454-6030,,,,Brenda Miller
MM01S1002507 978-0-8088-2615-6,Watson-Gonzales,katelynpena@wallace.com,1835 Hospital & Health Care,27%,"Unknown Error, please check the status. The program containing the error is terminated. Furthermore, the transaction is complete",,,
,Blairport 0-447-79305-51-971204-28-5 Virginia 51,SNS-LIQG-093796751-114-81704-X,10.04.2021,,,,"7935573406 Rachel Fields Apt. 750 South Conniefurt, AR 15549",
whiteboard world-class experiences web-85.ramos-44ed-b99a-bbb80c69a1fa,,,,lutzlindsay@carlson.com +1-934-359-172522699,. Mariah Pugh,,21.06.2019 Kristi Santiago,CVNZ671693
978-1-75247-017-4,"Myers, Burns and Blair",brianrivera@herrera.info,181-029-6696 Higher Education,28%,"Uploaded with error, No data could be extracted from this file the system monitor performs an automatic instance recovery",,,
MM01S1002508 Moyer Port Fork Buckley Loaf,Penningtonmouth California 6,SNS-GKDD-508238610-18-396035-1,28.05.2020 25:4852:8606:585,,,,847 Braun Hollow Suite 528 514 Jared Lock,
engineer dynamic ROI web-36.jackson-4829-99ff-57ed6d9b35c5,,726e70581d4d2cf9c5b49cad96e4b33cPalestinian Territory,,margaret13@clay-rodriguez.info7812492885,Greg Rojas MD,9717154,27.07.2019,Shannon Weeks ZQVA647681
MM01S1002509 978-0-271-03531-4,"South Carolina 45 Wilson, Patton and Duncan",61409 sara03@austin.com,09.07.020 Airlines/Aviation,,"app/search/explore/search/app/main/blog/main/explore/search/posts/app/wp-content/tags/wp-content/list/search Uploaded with error, failed records count. Analyze and correct the problem. Restart the database with the command startup",,,
Weiss Burg Island Alvin Pines,Garyfort 1-316-08151-61-84609-487-9,SNS-QXYY-517428021-905646-06-2,69:9203:1242:811,,,2795432,"87401 Randall Prairie Fieldsport, GA 73567",
engage revolutionary e-tailers desktop-86.copeland-4b7e-aa3d-6bb84c20148a,,8bf8fee6454a597e05c3400946048885Sudan,+1-504-234-1183x0868,mmurphy@reyes.com,273.557.4064 app/posts/categories/tags/wp-content/explore/blog/category/list/tag/posts/main/posts Mr. Shawn Cummings,,11.09.2019 VFBQ733080,
MM01S1002510 978-0-461-75786-6,"Hawaii 15 Watkins, Matthews and Hebert",16004 ycombs@garcia.info,Building Materials 04.11.2020,"Source Link broken, cannot fetch data multiple times for same error log request",wp-content/blog/tags/explore/tag/search/explore/app/posts/main/search/search/categories/search/list/posts/tag,Diana Stafford,,
Emily Glen Parks Malone Pike,Shanefurt 0-8078-3287-10-86230-601-9,4f60d48731e52284b4c3f890024ae2fdSuriname SNS-XDEN-452118731-67633-923-X,91:9119:7286:118,,,,,
transition killer paradigms email-01.montoya-brown-4b77-85b9-54b2b524670b,,,,,,,,
